Ward,State,District,Subdistt,Town/Village,EB,Level,Name,TRU,No_HH,TOT_P,TOT_M,TOT_F,P_06,M_06,F_06,P_SC,M_SC,F_SC,P_ST,M_ST,F_ST,P_LIT,M_LIT,F_LIT,P_ILL,M_ILL,F_ILL,TOT_WORK_P,TOT_WORK_M,TOT_WORK_F,MAINWORK_P,MAINWORK_M,MAINWORK_F,MAIN_CL_P,MAIN_CL_M,MAIN_CL_F,MAIN_AL_P,MAIN_AL_M,MAIN_AL_F,MAIN_HH_P,MAIN_HH_M,MAIN_HH_F,MAIN_OT_P,MAIN_OT_M,MAIN_OT_F,MARGWORK_P,MARGWORK_M,MARGWORK_F,MARG_CL_P,MARG_CL_M,MARG_CL_F,MARG_AL_P,MARG_AL_M,MARG_AL_F,MARG_HH_P,MARG_HH_M,MARG_HH_F,MARG_OT_P,MARG_OT_M,MARG_OT_F,MARGWORK_3_6_P,MARGWORK_3_6_M,MARGWORK_3_6_F,MARG_CL_3_6_P,MARG_CL_3_6_M,MARG_CL_3_6_F,MARG_AL_3_6_P,MARG_AL_3_6_M,MARG_AL_3_6_F,MARG_HH_3_6_P,MARG_HH_3_6_M,MARG_HH_3_6_F,MARG_OT_3_6_P,MARG_OT_3_6_M,MARG_OT_3_6_F,MARGWORK_0_3_P,MARGWORK_0_3_M,MARGWORK_0_3_F,MARG_CL_0_3_P,MARG_CL_0_3_M,MARG_CL_0_3_F,MARG_AL_0_3_P,MARG_AL_0_3_M,MARG_AL_0_3_F,MARG_HH_0_3_P,MARG_HH_0_3_M,MARG_HH_0_3_F,MARG_OT_0_3_P,MARG_OT_0_3_M,MARG_OT_0_3_F,NON_WORK_P,NON_WORK_M,NON_WORK_F
0,27,531,4302,802895,0,TOWN,Sangli Miraj Kupwad (M Corp.),Urban,110062,502793,253640,249153,53798,28304,25494,73032,36140,36892,3496,1788,1708,385728,202852,182876,117065,50788,66277,173225,132574,40651,158958,124356,34602,5241,4446,795,8063,4887,3176,7141,4557,2584,138513,110466,28047,14267,8218,6049,421,219,202,1018,541,477,1251,466,785,11577,6992,4585,11224,6368,4856,378,195,183,816,442,374,871,305,566,9159,5426,3733,3043,1850,1193,43,24,19,202,99,103,380,161,219,2418,1566,852,329568,121066,208502
1,27,531,4302,802895,0,WARD,Sangli Miraj Kupwad (M Corp.) WARD NO.-0001,Urban,2050,9237,4647,4590,1224,657,567,1983,994,989,32,19,13,5858,3191,2667,3379,1456,1923,3563,2532,1031,3204,2323,881,18,13,5,315,162,153,166,94,72,2705,2054,651,359,209,150,6,2,4,36,18,18,14,4,10,303,185,118,211,121,90,6,2,4,23,11,12,8,3,5,174,105,69,148,88,60,0,0,0,13,7,6,6,1,5,129,80,49,5674,2115,3559
2,27,531,4302,802895,0,WARD,Sangli Miraj Kupwad (M Corp.) WARD NO.-0002,Urban,1818,8154,4195,3959,893,446,447,906,470,436,36,21,15,6208,3358,2850,1946,837,1109,2689,2072,617,2534,1989,545,54,50,4,106,60,46,116,74,42,2258,1805,453,155,83,72,5,3,2,24,10,14,16,6,10,110,64,46,120,67,53,5,3,2,18,9,9,11,6,5,86,49,37,35,16,19,0,0,0,6,1,5,5,0,5,24,15,9,5465,2123,3342
3,27,531,4302,802895,0,WARD,Sangli Miraj Kupwad (M Corp.) WARD NO.-0003,Urban,1372,5786,3023,2763,693,362,331,1458,705,753,28,13,15,3809,2126,1683,1977,897,1080,2470,1729,741,2384,1681,703,19,16,3,943,498,445,23,15,8,1399,1152,247,86,48,38,7,5,2,29,15,14,4,0,4,46,28,18,77,42,35,5,3,2,28,15,13,4,0,4,40,24,16,9,6,3,2,2,0,1,0,1,0,0,0,6,4,2,3316,1294,2022
4,27,531,4302,802895,0,WARD,Sangli Miraj Kupwad (M Corp.) WARD NO.-0004,Urban,2182,10207,5239,4968,1309,692,617,1656,861,795,45,22,23,7400,3983,3417,2807,1256,1551,3443,2732,711,3281,2647,634,111,100,11,385,230,155,149,98,51,2636,2219,417,162,85,77,9,1,8,28,17,11,16,5,11,109,62,47,133,72,61,9,1,8,25,16,9,12,4,8,87,51,36,29,13,16,0,0,0,3,1,2,4,1,3,22,11,11,6764,2507,4257
5,27,531,4302,802895,0,WARD,Sangli Miraj Kupwad (M Corp.) WARD NO.-0005,Urban,1451,6538,3322,3216,779,405,374,607,290,317,26,16,10,5114,2701,2413,1424,621,803,2294,1788,506,2069,1682,387,116,101,15,125,94,31,82,61,21,1746,1426,320,225,106,119,16,7,9,17,12,5,23,3,20,169,84,85,205,97,108,15,6,9,14,10,4,17,2,15,159,79,80,20,9,11,1,1,0,3,2,1,6,1,5,10,5,5,4244,1534,2710
6,27,531,4302,802895,0,WARD,Sangli Miraj Kupwad (M Corp.) WARD NO.-0006,Urban,1511,6571,3348,3223,880,430,450,1720,882,838,18,11,7,4609,2533,2076,1962,815,1147,2332,1814,518,2190,1752,438,47,45,2,107,76,31,128,93,35,1908,1538,370,142,62,80,2,0,2,15,8,7,30,6,24,95,48,47,102,48,54,1,0,1,13,7,6,11,1,10,77,40,37,40,14,26,1,0,1,2,1,1,19,5,14,18,8,10,4239,1534,2705
7,27,531,4302,802895,0,WARD,Sangli Miraj Kupwad (M Corp.) WARD NO.-0007,Urban,2055,9373,4752,4621,1158,611,547,1887,926,961,26,8,18,6732,3610,3122,2641,1142,1499,3521,2612,909,3337,2519,818,182,144,38,191,107,84,89,64,25,2875,2204,671,184,93,91,6,3,3,17,9,8,8,1,7,153,80,73,155,73,82,6,3,3,16,8,8,6,1,5,127,61,66,29,20,9,0,0,0,1,1,0,2,0,2,26,19,7,5852,2140,3712
8,27,531,4302,802895,0,WARD,Sangli Miraj Kupwad (M Corp.) WARD NO.-0008,Urban,1323,6042,3068,2974,748,398,350,1559,788,771,15,4,11,4481,2398,2083,1561,670,891,2071,1547,524,1864,1423,441,73,69,4,184,137,47,96,67,29,1511,1150,361,207,124,83,2,0,2,47,29,18,11,4,7,147,91,56,187,109,78,2,0,2,45,29,16,10,3,7,130,77,53,20,15,5,0,0,0,2,0,2,1,1,0,17,14,3,3971,1521,2450
9,27,531,4302,802895,0,WARD,Sangli Miraj Kupwad (M Corp.) WARD NO.-0009,Urban,1969,8906,4543,4363,1102,592,510,1203,626,577,85,52,33,6759,3597,3162,2147,946,1201,3108,2348,760,2916,2233,683,37,33,4,42,35,7,105,66,39,2732,2099,633,192,115,77,2,1,1,11,4,7,14,6,8,165,104,61,171,102,69,2,1,1,10,4,6,11,6,5,148,91,57,21,13,8,0,0,0,1,0,1,3,0,3,17,13,4,5798,2195,3603
10,27,531,4302,802895,0,WARD,Sangli Miraj Kupwad (M Corp.) WARD NO.-0010,Urban,1926,8357,4245,4112,968,522,446,1353,686,667,100,49,51,6399,3358,3041,1958,887,1071,2983,2130,853,2795,2009,786,28,26,2,102,63,39,95,44,51,2570,1876,694,188,121,67,5,3,2,21,15,6,6,2,4,156,101,55,159,102,57,4,2,2,19,13,6,2,2,0,134,85,49,29,19,10,1,1,0,2,2,0,4,0,4,22,16,6,5374,2115,3259
11,27,531,4302,802895,0,WARD,Sangli Miraj Kupwad (M Corp.) WARD NO.-0011,Urban,1629,7492,3849,3643,826,442,384,1375,706,669,58,28,30,5892,3137,2755,1600,712,888,2441,1943,498,2313,1873,440,51,44,7,186,128,58,121,92,29,1955,1609,346,128,70,58,4,3,1,12,8,4,14,7,7,98,52,46,67,38,29,1,1,0,5,3,2,7,3,4,54,31,23,61,32,29,3,2,1,7,5,2,7,4,3,44,21,23,5051,1906,3145
12,27,531,4302,802895,0,WARD,Sangli Miraj Kupwad (M Corp.) WARD NO.-0012,Urban,1610,7112,3630,3482,662,363,299,688,359,329,56,24,32,5888,3032,2856,1224,598,626,2483,1848,635,2332,1786,546,37,32,5,29,24,5,196,115,81,2070,1615,455,151,62,89,13,6,7,10,10,0,34,4,30,94,42,52,122,52,70,9,5,4,9,9,0,25,2,23,79,36,43,29,10,19,4,1,3,1,1,0,9,2,7,15,6,9,4629,1782,2847
13,27,531,4302,802895,0,WARD,Sangli Miraj Kupwad (M Corp.) WARD NO.-0013,Urban,2387,10904,5619,5285,1468,782,686,2144,1112,1032,40,21,19,7699,4214,3485,3205,1405,1800,3679,2892,787,3333,2712,621,30,21,9,46,36,10,119,69,50,3138,2586,552,346,180,166,10,5,5,27,11,16,34,7,27,275,157,118,294,146,148,10,5,5,22,8,14,30,6,24,232,127,105,52,34,18,0,0,0,5,3,2,4,1,3,43,30,13,7225,2727,4498
14,27,531,4302,802895,0,WARD,Sangli Miraj Kupwad (M Corp.) WARD NO.-0014,Urban,1253,5649,2871,2778,655,346,309,518,251,267,31,16,15,4376,2312,2064,1273,559,714,1851,1444,407,1683,1355,328,21,17,4,26,18,8,61,42,19,1575,1278,297,168,89,79,8,5,3,14,5,9,23,6,17,123,73,50,128,66,62,8,5,3,10,4,6,19,5,14,91,52,39,40,23,17,0,0,0,4,1,3,4,1,3,32,21,11,3798,1427,2371
15,27,531,4302,802895,0,WARD,Sangli Miraj Kupwad (M Corp.) WARD NO.-0015,Urban,1408,6796,3436,3360,793,389,404,346,162,184,20,9,11,5145,2744,2401,1651,692,959,2709,1964,745,2483,1870,613,37,28,9,102,40,62,218,128,90,2126,1674,452,226,94,132,6,2,4,44,10,34,31,0,31,145,82,63,184,73,111,6,2,4,28,6,22,28,0,28,122,65,57,42,21,21,0,0,0,16,4,12,3,0,3,23,17,6,4087,1472,2615
16,27,531,4302,802895,0,WARD,Sangli Miraj Kupwad (M Corp.) WARD NO.-0016,Urban,1618,7468,3831,3637,778,402,376,267,135,132,59,24,35,5400,2931,2469,2068,900,1168,2915,2142,773,2755,2074,681,371,332,39,615,300,315,77,47,30,1692,1395,297,160,68,92,10,6,4,51,9,42,10,4,6,89,49,40,121,50,71,7,3,4,29,4,25,7,3,4,78,40,38,39,18,21,3,3,0,22,5,17,3,1,2,11,9,2,4553,1689,2864
17,27,531,4302,802895,0,WARD,Sangli Miraj Kupwad (M Corp.) WARD NO.-0017,Urban,1214,5581,2847,2734,525,265,260,145,70,75,47,23,24,4364,2359,2005,1217,488,729,1975,1586,389,1878,1524,354,425,387,38,227,106,121,61,35,26,1165,996,169,97,62,35,14,7,7,19,10,9,5,2,3,59,43,16,86,58,28,8,5,3,16,9,7,5,2,3,57,42,15,11,4,7,6,2,4,3,1,2,0,0,0,2,1,1,3606,1261,2345
18,27,531,4302,802895,0,WARD,Sangli Miraj Kupwad (M Corp.) WARD NO.-0018,Urban,791,3904,1968,1936,450,226,224,1575,777,798,37,20,17,2729,1500,1229,1175,468,707,1431,1069,362,1268,966,302,73,55,18,352,197,155,48,29,19,795,685,110,163,103,60,16,16,0,54,33,21,9,2,7,84,52,32,138,90,48,16,16,0,47,28,19,7,2,5,68,44,24,25,13,12,0,0,0,7,5,2,2,0,2,16,8,8,2473,899,1574
19,27,531,4302,802895,0,WARD,Sangli Miraj Kupwad (M Corp.) WARD NO.-0019,Urban,1206,5591,2805,2786,455,227,228,331,154,177,10,4,6,4704,2403,2301,887,402,485,2021,1631,390,1900,1550,350,39,38,1,14,10,4,182,126,56,1665,1376,289,121,81,40,4,2,2,3,2,1,16,7,9,98,70,28,107,73,34,4,2,2,3,2,1,11,7,4,89,62,27,14,8,6,0,0,0,0,0,0,5,0,5,9,8,1,3570,1174,2396
20,27,531,4302,802895,0,WARD,Sangli Miraj Kupwad (M Corp.) WARD NO.-0020,Urban,1480,6892,3434,3458,556,303,253,385,185,200,15,5,10,5824,2934,2890,1068,500,568,2444,1925,519,2312,1830,482,36,32,4,26,17,9,150,86,64,2100,1695,405,132,95,37,2,2,0,3,2,1,6,3,3,121,88,33,104,73,31,2,2,0,1,1,0,6,3,3,95,67,28,28,22,6,0,0,0,2,1,1,0,0,0,26,21,5,4448,1509,2939
21,27,531,4302,802895,0,WARD,Sangli Miraj Kupwad (M Corp.) WARD NO.-0021,Urban,1737,7349,3569,3780,827,444,383,4024,1916,2108,61,30,31,4770,2569,2201,2579,1000,1579,2592,1878,714,1992,1463,529,18,14,4,12,10,2,71,51,20,1891,1388,503,600,415,185,2,2,0,9,8,1,24,9,15,565,396,169,210,124,86,2,2,0,5,5,0,10,1,9,193,116,77,390,291,99,0,0,0,4,3,1,14,8,6,372,280,92,4757,1691,3066
22,27,531,4302,802895,0,WARD,Sangli Miraj Kupwad (M Corp.) WARD NO.-0022,Urban,1088,5220,2678,2542,656,334,322,372,188,184,14,8,6,3796,2036,1760,1424,642,782,1889,1440,449,1616,1341,275,14,12,2,10,9,1,36,22,14,1556,1298,258,273,99,174,5,5,0,0,0,0,7,1,6,261,93,168,224,65,159,4,4,0,0,0,0,6,1,5,214,60,154,49,34,15,1,1,0,0,0,0,1,0,1,47,33,14,3331,1238,2093
23,27,531,4302,802895,0,WARD,Sangli Miraj Kupwad (M Corp.) WARD NO.-0023,Urban,1729,8116,4131,3985,946,495,451,707,359,348,25,11,14,6155,3300,2855,1961,831,1130,2621,2122,499,2306,1872,434,37,34,3,30,26,4,64,43,21,2175,1769,406,315,250,65,1,0,1,5,2,3,31,21,10,278,227,51,281,225,56,1,0,1,4,2,2,27,19,8,249,204,45,34,25,9,0,0,0,1,0,1,4,2,2,29,23,6,5495,2009,3486
24,27,531,4302,802895,0,WARD,Sangli Miraj Kupwad (M Corp.) WARD NO.-0024,Urban,2180,9767,4992,4775,1080,579,501,1717,871,846,109,51,58,7419,3950,3469,2348,1042,1306,3365,2540,825,2966,2299,667,67,52,15,77,46,31,142,84,58,2680,2117,563,399,241,158,4,2,2,12,9,3,39,18,21,344,212,132,239,128,111,2,0,2,7,5,2,22,11,11,208,112,96,160,113,47,2,2,0,5,4,1,17,7,10,136,100,36,6402,2452,3950
25,27,531,4302,802895,0,WARD,Sangli Miraj Kupwad (M Corp.) WARD NO.-0025,Urban,2471,11221,5649,5572,1236,654,582,2061,1017,1044,34,18,16,8674,4538,4136,2547,1111,1436,3957,2951,1006,3721,2825,896,55,48,7,141,84,57,56,34,22,3469,2659,810,236,126,110,7,2,5,21,12,9,11,6,5,197,106,91,179,98,81,6,1,5,17,9,8,8,3,5,148,85,63,57,28,29,1,1,0,4,3,1,3,3,0,49,21,28,7264,2698,4566
26,27,531,4302,802895,0,WARD,Sangli Miraj Kupwad (M Corp.) WARD NO.-0026,Urban,1218,5217,2556,2661,517,285,232,921,444,477,20,8,12,4236,2127,2109,981,429,552,1839,1296,543,1743,1249,494,16,14,2,14,12,2,95,63,32,1618,1160,458,96,47,49,1,1,0,2,1,1,10,0,10,83,45,38,77,38,39,1,1,0,2,1,1,8,0,8,66,36,30,19,9,10,0,0,0,0,0,0,2,0,2,17,9,8,3378,1260,2118
27,27,531,4302,802895,0,WARD,Sangli Miraj Kupwad (M Corp.) WARD NO.-0027,Urban,1669,7601,3841,3760,841,454,387,2055,995,1060,77,43,34,5850,3059,2791,1751,782,969,2435,1857,578,2350,1802,548,49,39,10,66,30,36,22,14,8,2213,1719,494,85,55,30,5,3,2,13,9,4,9,5,4,58,38,20,70,47,23,4,3,1,11,8,3,3,2,1,52,34,18,15,8,7,1,0,1,2,1,1,6,3,3,6,4,2,5166,1984,3182
28,27,531,4302,802895,0,WARD,Sangli Miraj Kupwad (M Corp.) WARD NO.-0028,Urban,1646,6992,3565,3427,595,328,267,1001,504,497,118,65,53,5904,3075,2829,1088,490,598,2177,1691,486,2073,1629,444,27,25,2,34,26,8,41,24,17,1971,1554,417,104,62,42,2,1,1,7,6,1,14,5,9,81,50,31,71,41,30,2,1,1,5,4,1,11,4,7,53,32,21,33,21,12,0,0,0,2,2,0,3,1,2,28,18,10,4815,1874,2941
29,27,531,4302,802895,0,WARD,Sangli Miraj Kupwad (M Corp.) WARD NO.-0029,Urban,1660,7139,3664,3475,742,384,358,761,389,372,113,54,59,5725,3017,2708,1414,647,767,2435,1897,538,2284,1842,442,13,11,2,106,99,7,68,55,13,2097,1677,420,151,55,96,4,1,3,4,2,2,11,6,5,132,46,86,144,51,93,4,1,3,4,2,2,10,6,4,126,42,84,7,4,3,0,0,0,0,0,0,1,0,1,6,4,2,4704,1767,2937
30,27,531,4302,802895,0,WARD,Sangli Miraj Kupwad (M Corp.) WARD NO.-0030,Urban,1169,5396,2753,2643,455,246,209,1110,553,557,2,2,0,4498,2349,2149,898,404,494,1999,1560,439,1937,1531,406,9,6,3,3,2,1,95,45,50,1830,1478,352,62,29,33,0,0,0,3,0,3,11,2,9,48,27,21,54,25,29,0,0,0,3,0,3,9,2,7,42,23,19,8,4,4,0,0,0,0,0,0,2,0,2,6,4,2,3397,1193,2204
31,27,531,4302,802895,0,WARD,Sangli Miraj Kupwad (M Corp.) WARD NO.-0031,Urban,1673,6682,3358,3324,498,266,232,157,75,82,4,1,3,5819,2948,2871,863,410,453,2300,1764,536,2159,1694,465,62,62,0,37,35,2,280,225,55,1780,1372,408,141,70,71,9,3,6,2,2,0,37,14,23,93,51,42,137,68,69,9,3,6,2,2,0,36,14,22,90,49,41,4,2,2,0,0,0,0,0,0,1,0,1,3,2,1,4382,1594,2788
32,27,531,4302,802895,0,WARD,Sangli Miraj Kupwad (M Corp.) WARD NO.-0032,Urban,1069,5161,2614,2547,431,224,207,493,267,226,26,19,7,4365,2242,2123,796,372,424,1710,1352,358,1651,1318,333,37,35,2,18,18,0,77,51,26,1519,1214,305,59,34,25,2,2,0,1,0,1,2,1,1,54,31,23,46,30,16,2,2,0,1,0,1,0,0,0,43,28,15,13,4,9,0,0,0,0,0,0,2,1,1,11,3,8,3451,1262,2189
33,27,531,4302,802895,0,WARD,Sangli Miraj Kupwad (M Corp.) WARD NO.-0033,Urban,1203,6136,3053,3083,621,315,306,77,37,40,11,7,4,4994,2593,2401,1142,460,682,1949,1607,342,1866,1566,300,17,17,0,9,7,2,184,118,66,1656,1424,232,83,41,42,4,2,2,2,0,2,8,1,7,69,38,31,78,37,41,4,2,2,2,0,2,8,1,7,64,34,30,5,4,1,0,0,0,0,0,0,0,0,0,5,4,1,4187,1446,2741
34,27,531,4302,802895,0,WARD,Sangli Miraj Kupwad (M Corp.) WARD NO.-0034,Urban,1116,4981,2364,2617,491,256,235,449,165,284,25,13,12,3389,1811,1578,1592,553,1039,1593,1194,399,1474,1130,344,15,14,1,16,11,5,249,186,63,1194,919,275,119,64,55,1,0,1,8,5,3,31,19,12,79,40,39,76,37,39,1,0,1,0,0,0,18,9,9,57,28,29,43,27,16,0,0,0,8,5,3,13,10,3,22,12,10,3388,1170,2218
35,27,531,4302,802895,0,WARD,Sangli Miraj Kupwad (M Corp.) WARD NO.-0035,Urban,1163,5315,2624,2691,638,339,299,534,256,278,13,5,8,3451,1880,1571,1864,744,1120,1899,1335,564,1720,1237,483,4,2,2,38,24,14,53,39,14,1625,1172,453,179,98,81,2,0,2,1,0,1,2,1,1,174,97,77,167,92,75,2,0,2,1,0,1,0,0,0,164,92,72,12,6,6,0,0,0,0,0,0,2,1,1,10,5,5,3416,1289,2127
36,27,531,4302,802895,0,WARD,Sangli Miraj Kupwad (M Corp.) WARD NO.-0036,Urban,1268,5261,2736,2525,414,231,183,495,262,233,66,38,28,4594,2423,2171,667,313,354,1760,1393,367,1639,1349,290,43,38,5,12,7,5,26,19,7,1558,1285,273,121,44,77,10,2,8,1,1,0,13,2,11,97,39,58,108,40,68,10,2,8,1,1,0,8,0,8,89,37,52,13,4,9,0,0,0,0,0,0,5,2,3,8,2,6,3501,1343,2158
37,27,531,4302,802895,0,WARD,Sangli Miraj Kupwad (M Corp.) WARD NO.-0037,Urban,1326,6216,3061,3155,631,322,309,1296,639,657,14,6,8,4848,2528,2320,1368,533,835,2195,1650,545,2038,1554,484,89,86,3,38,18,20,234,95,139,1677,1355,322,157,96,61,1,0,1,10,5,5,44,27,17,102,64,38,137,85,52,1,0,1,10,5,5,40,24,16,86,56,30,20,11,9,0,0,0,0,0,0,4,3,1,16,8,8,4021,1411,2610
38,27,531,4302,802895,0,WARD,Sangli Miraj Kupwad (M Corp.) WARD NO.-0038,Urban,994,4552,2310,2242,408,220,188,432,194,238,5,2,3,3726,1944,1782,826,366,460,1603,1194,409,1416,1112,304,48,45,3,12,8,4,63,41,22,1293,1018,275,187,82,105,2,1,1,5,3,2,18,6,12,162,72,90,150,57,93,1,0,1,4,2,2,15,5,10,130,50,80,37,25,12,1,1,0,1,1,0,3,1,2,32,22,10,2949,1116,1833
39,27,531,4302,802895,0,WARD,Sangli Miraj Kupwad (M Corp.) WARD NO.-0039,Urban,1294,5269,2639,2630,375,193,182,71,37,34,10,5,5,4562,2285,2277,707,354,353,1727,1355,372,1630,1300,330,60,51,9,14,12,2,69,51,18,1487,1186,301,97,55,42,4,2,2,2,2,0,10,6,4,81,45,36,82,47,35,3,1,2,1,1,0,7,5,2,71,40,31,15,8,7,1,1,0,1,1,0,3,1,2,10,5,5,3542,1284,2258
40,27,531,4302,802895,0,WARD,Sangli Miraj Kupwad (M Corp.) WARD NO.-0040,Urban,1067,4361,2203,2158,334,175,159,193,92,101,9,5,4,3561,1846,1715,800,357,443,1397,1081,316,1339,1045,294,53,46,7,104,64,40,36,24,12,1146,911,235,58,36,22,1,0,1,3,2,1,1,0,1,53,34,19,55,35,20,1,0,1,3,2,1,1,0,1,50,33,17,3,1,2,0,0,0,0,0,0,0,0,0,3,1,2,2964,1122,1842
41,27,531,4302,802895,0,WARD,Sangli Miraj Kupwad (M Corp.) WARD NO.-0041,Urban,2007,9603,4929,4674,1159,607,552,1953,992,961,56,30,26,7013,3783,3230,2590,1146,1444,3431,2597,834,3013,2352,661,167,139,28,454,263,191,124,91,33,2268,1859,409,418,245,173,12,7,5,67,26,41,47,28,19,292,184,108,340,197,143,11,6,5,59,23,36,24,12,12,246,156,90,78,48,30,1,1,0,8,3,5,23,16,7,46,28,18,6172,2332,3840
42,27,531,4302,802895,0,WARD,Sangli Miraj Kupwad (M Corp.) WARD NO.-0042,Urban,1320,5803,2854,2949,564,280,284,533,263,270,18,8,10,4592,2329,2263,1211,525,686,1924,1477,447,1715,1340,375,48,43,5,38,22,16,38,27,11,1591,1248,343,209,137,72,5,4,1,7,3,4,5,1,4,192,129,63,176,120,56,5,4,1,7,3,4,4,1,3,160,112,48,33,17,16,0,0,0,0,0,0,1,0,1,32,17,15,3879,1377,2502
43,27,531,4302,802895,0,WARD,Sangli Miraj Kupwad (M Corp.) WARD NO.-0043,Urban,933,5474,2687,2787,612,309,303,114,52,62,12,6,6,4139,2141,1998,1335,546,789,1703,1387,316,1590,1331,259,34,23,11,47,38,9,61,28,33,1448,1242,206,113,56,57,3,1,2,3,2,1,5,0,5,102,53,49,101,49,52,3,1,2,3,2,1,4,0,4,91,46,45,12,7,5,0,0,0,0,0,0,1,0,1,11,7,4,3771,1300,2471
44,27,531,4302,802895,0,WARD,Sangli Miraj Kupwad (M Corp.) WARD NO.-0044,Urban,1178,5617,2859,2758,527,291,236,48,28,20,14,8,6,4583,2390,2193,1034,469,565,1920,1523,397,1838,1481,357,158,138,20,158,60,98,56,43,13,1466,1240,226,82,42,40,1,0,1,5,0,5,12,4,8,64,38,26,68,33,35,1,0,1,5,0,5,12,4,8,50,29,21,14,9,5,0,0,0,0,0,0,0,0,0,14,9,5,3697,1336,2361
45,27,531,4302,802895,0,WARD,Sangli Miraj Kupwad (M Corp.) WARD NO.-0045,Urban,1133,4938,2481,2457,494,281,213,1124,561,563,48,21,27,3798,1936,1862,1140,545,595,1795,1273,522,1679,1201,478,36,34,2,128,76,52,57,33,24,1458,1058,400,116,72,44,2,1,1,9,6,3,1,0,1,104,65,39,104,66,38,2,1,1,8,5,3,1,0,1,93,60,33,12,6,6,0,0,0,1,1,0,0,0,0,11,5,6,3143,1208,1935
46,27,531,4302,802895,0,WARD,Sangli Miraj Kupwad (M Corp.) WARD NO.-0046,Urban,1250,6068,3059,3009,710,368,342,1809,906,903,59,35,24,4346,2331,2015,1722,728,994,1931,1524,407,1873,1490,383,55,45,10,120,81,39,39,30,9,1659,1334,325,58,34,24,0,0,0,17,10,7,3,3,0,38,21,17,45,28,17,0,0,0,13,9,4,3,3,0,29,16,13,13,6,7,0,0,0,4,1,3,0,0,0,9,5,4,4137,1535,2602
47,27,531,4302,802895,0,WARD,Sangli Miraj Kupwad (M Corp.) WARD NO.-0047,Urban,1747,7480,3853,3627,669,375,294,822,426,396,73,36,37,6260,3280,2980,1220,573,647,2448,1904,544,2272,1798,474,34,19,15,45,28,17,110,71,39,2083,1680,403,176,106,70,7,3,4,11,3,8,13,7,6,145,93,52,138,92,46,7,3,4,4,1,3,13,7,6,114,81,33,38,14,24,0,0,0,7,2,5,0,0,0,31,12,19,5032,1949,3083
48,27,531,4302,802895,0,WARD,Sangli Miraj Kupwad (M Corp.) WARD NO.-0048,Urban,2049,8243,4100,4143,633,334,299,876,418,458,116,63,53,7231,3599,3632,1012,501,511,2731,2078,653,2603,2025,578,21,17,4,27,20,7,89,54,35,2466,1934,532,128,53,75,5,2,3,0,0,0,5,1,4,118,50,68,117,48,69,5,2,3,0,0,0,3,0,3,109,46,63,11,5,6,0,0,0,0,0,0,2,1,1,9,4,5,5512,2022,3490
49,27,531,4302,802895,0,WARD,Sangli Miraj Kupwad (M Corp.) WARD NO.-0049,Urban,1476,6090,3092,2998,501,285,216,189,101,88,35,18,17,5258,2671,2587,832,421,411,2051,1616,435,1978,1574,404,23,19,4,13,10,3,106,86,20,1836,1459,377,73,42,31,13,7,6,2,1,1,1,1,0,57,33,24,69,41,28,13,7,6,2,1,1,1,1,0,53,32,21,4,1,3,0,0,0,0,0,0,0,0,0,4,1,3,4039,1476,2563
50,27,531,4302,802895,0,WARD,Sangli Miraj Kupwad (M Corp.) WARD NO.-0050,Urban,1541,6282,3167,3115,482,241,241,353,177,176,68,34,34,5423,2790,2633,859,377,482,2172,1641,531,2076,1587,489,42,36,6,26,19,7,49,34,15,1959,1498,461,96,54,42,5,3,2,5,2,3,3,1,2,83,48,35,69,42,27,5,3,2,5,2,3,1,0,1,58,37,21,27,12,15,0,0,0,0,0,0,2,1,1,25,11,14,4110,1526,2584
51,27,531,4302,802895,0,WARD,Sangli Miraj Kupwad (M Corp.) WARD NO.-0051,Urban,1257,5512,2848,2664,475,266,209,526,255,271,14,6,8,4679,2444,2235,833,404,429,1984,1469,515,1815,1422,393,49,37,12,8,6,2,75,50,25,1683,1329,354,169,47,122,1,1,0,1,0,1,18,2,16,149,44,105,149,39,110,1,1,0,1,0,1,13,1,12,134,37,97,20,8,12,0,0,0,0,0,0,5,1,4,15,7,8,3528,1379,2149
52,27,531,4302,802895,0,WARD,Sangli Miraj Kupwad (M Corp.) WARD NO.-0052,Urban,1105,4981,2452,2529,407,213,194,80,41,39,25,14,11,4149,2111,2038,832,341,491,1656,1280,376,1599,1249,350,33,28,5,11,7,4,47,36,11,1508,1178,330,57,31,26,3,1,2,0,0,0,3,0,3,51,30,21,55,30,25,3,1,2,0,0,0,3,0,3,49,29,20,2,1,1,0,0,0,0,0,0,0,0,0,2,1,1,3325,1172,2153
53,27,531,4302,802895,0,WARD,Sangli Miraj Kupwad (M Corp.) WARD NO.-0053,Urban,1162,5484,2716,2768,529,280,249,68,33,35,35,17,18,4515,2303,2212,969,413,556,1919,1414,505,1810,1342,468,22,16,6,8,5,3,50,24,26,1730,1297,433,109,72,37,6,4,2,0,0,0,2,0,2,101,68,33,95,65,30,6,4,2,0,0,0,2,0,2,87,61,26,14,7,7,0,0,0,0,0,0,0,0,0,14,7,7,3565,1302,2263
54,27,531,4302,802895,0,WARD,Sangli Miraj Kupwad (M Corp.) WARD NO.-0054,Urban,1211,4962,2455,2507,330,184,146,180,85,95,71,33,38,4318,2148,2170,644,307,337,1655,1245,410,1544,1182,362,46,36,10,7,4,3,44,29,15,1447,1113,334,111,63,48,5,2,3,1,1,0,14,2,12,91,58,33,93,53,40,5,2,3,1,1,0,11,1,10,76,49,27,18,10,8,0,0,0,0,0,0,3,1,2,15,9,6,3307,1210,2097
55,27,531,4302,802895,0,WARD,Sangli Miraj Kupwad (M Corp.) WARD NO.-0055,Urban,1541,6938,3392,3546,718,377,341,2632,1276,1356,91,45,46,5304,2719,2585,1634,673,961,2423,1792,631,2253,1709,544,21,15,6,62,33,29,79,36,43,2091,1625,466,170,83,87,9,5,4,20,6,14,11,3,8,130,69,61,108,53,55,8,4,4,12,4,8,9,2,7,79,43,36,62,30,32,1,1,0,8,2,6,2,1,1,51,26,25,4515,1600,2915
56,27,531,4302,802895,0,WARD,Sangli Miraj Kupwad (M Corp.) WARD NO.-0056,Urban,1870,8800,4480,4320,1009,530,479,1047,537,510,78,39,39,6693,3528,3165,2107,952,1155,2960,2336,624,2778,2237,541,53,49,4,187,128,59,104,68,36,2434,1992,442,182,99,83,1,1,0,5,2,3,16,2,14,160,94,66,148,82,66,0,0,0,4,2,2,12,2,10,132,78,54,34,17,17,1,1,0,1,0,1,4,0,4,28,16,12,5840,2144,3696
57,27,531,4302,802895,0,WARD,Sangli Miraj Kupwad (M Corp.) WARD NO.-0057,Urban,1305,5850,2930,2920,525,269,256,465,240,225,17,8,9,4933,2522,2411,917,408,509,1994,1529,465,1881,1463,418,20,19,1,10,8,2,95,60,35,1756,1376,380,113,66,47,4,3,1,7,7,0,9,2,7,93,54,39,98,57,41,4,3,1,4,4,0,8,2,6,82,48,34,15,9,6,0,0,0,3,3,0,1,0,1,11,6,5,3856,1401,2455
58,27,531,4302,802895,0,WARD,Sangli Miraj Kupwad (M Corp.) WARD NO.-0058,Urban,1290,6208,3074,3134,680,359,321,1322,655,667,20,10,10,4694,2461,2233,1514,613,901,2143,1630,513,1913,1484,429,24,24,0,10,8,2,114,71,43,1765,1381,384,230,146,84,5,3,2,7,5,2,24,6,18,194,132,62,196,124,72,5,3,2,6,5,1,16,2,14,169,114,55,34,22,12,0,0,0,1,0,1,8,4,4,25,18,7,4065,1444,2621
59,27,531,4302,802895,0,WARD,Sangli Miraj Kupwad (M Corp.) WARD NO.-0059,Urban,1273,5727,2794,2933,577,286,291,1239,577,662,15,10,5,4578,2300,2278,1149,494,655,2098,1515,583,1755,1297,458,36,29,7,14,10,4,65,41,24,1640,1217,423,343,218,125,7,6,1,7,5,2,30,13,17,299,194,105,273,171,102,7,6,1,6,5,1,14,7,7,246,153,93,70,47,23,0,0,0,1,0,1,16,6,10,53,41,12,3629,1279,2350
60,27,531,4302,802895,0,WARD,Sangli Miraj Kupwad (M Corp.) WARD NO.-0060,Urban,1046,5359,2684,2675,618,329,289,87,43,44,0,0,0,4135,2149,1986,1224,535,689,1648,1373,275,1552,1317,235,63,58,5,130,109,21,87,56,31,1272,1094,178,96,56,40,4,3,1,1,1,0,8,4,4,83,48,35,84,50,34,4,3,1,1,1,0,7,4,3,72,42,30,12,6,6,0,0,0,0,0,0,1,0,1,11,6,5,3711,1311,2400
61,27,531,4302,802895,0,WARD,Sangli Miraj Kupwad (M Corp.) WARD NO.-0061,Urban,1786,8922,4610,4312,1064,555,509,932,473,459,50,28,22,6608,3615,2993,2314,995,1319,3047,2482,565,2612,2180,432,449,368,81,174,98,76,49,24,25,1940,1690,250,435,302,133,9,7,2,20,10,10,37,9,28,369,276,93,393,276,117,8,6,2,19,9,10,33,9,24,333,252,81,42,26,16,1,1,0,1,1,0,4,0,4,36,24,12,5875,2128,3747
62,27,531,4302,802895,0,WARD,Sangli Miraj Kupwad (M Corp.) WARD NO.-0062,Urban,1171,5683,2920,2763,676,380,296,438,218,220,60,34,26,4267,2287,1980,1416,633,783,1844,1511,333,1752,1457,295,141,119,22,104,77,27,69,44,25,1438,1217,221,92,54,38,4,0,4,13,8,5,11,1,10,64,45,19,72,44,28,2,0,2,10,5,5,6,1,5,54,38,16,20,10,10,2,0,2,3,3,0,5,0,5,10,7,3,3839,1409,2430
63,27,531,4302,802895,0,WARD,Sangli Miraj Kupwad (M Corp.) WARD NO.-0063,Urban,1426,7125,3358,3767,688,324,364,776,354,422,20,11,9,5489,2814,2675,1636,544,1092,2350,1781,569,2138,1688,450,264,150,114,113,78,35,85,64,21,1676,1396,280,212,93,119,10,7,3,11,7,4,21,8,13,170,71,99,171,74,97,10,7,3,9,6,3,12,3,9,140,58,82,41,19,22,0,0,0,2,1,1,9,5,4,30,13,17,4775,1577,3198
64,27,531,4302,802895,0,WARD,Sangli Miraj Kupwad (M Corp.) WARD NO.-0064,Urban,886,4825,2415,2410,576,306,270,32,17,15,0,0,0,3869,1987,1882,956,428,528,1580,1257,323,1453,1180,273,48,42,6,13,11,2,151,82,69,1241,1045,196,127,77,50,3,1,2,8,7,1,29,6,23,87,63,24,109,69,40,2,1,1,8,7,1,24,6,18,75,55,20,18,8,10,1,0,1,0,0,0,5,0,5,12,8,4,3245,1158,2087
65,27,531,4302,802895,0,WARD,Sangli Miraj Kupwad (M Corp.) WARD NO.-0065,Urban,1095,5341,2559,2782,681,361,320,1969,917,1052,9,5,4,3301,1728,1573,2040,831,1209,1683,1228,455,1281,983,298,20,11,9,67,53,14,52,32,20,1142,887,255,402,245,157,3,1,2,15,4,11,89,61,28,295,179,116,126,58,68,3,1,2,11,2,9,22,9,13,90,46,44,276,187,89,0,0,0,4,2,2,67,52,15,205,133,72,3658,1331,2327
66,27,531,4302,802895,0,WARD,Sangli Miraj Kupwad (M Corp.) WARD NO.-0066,Urban,1771,8584,4331,4253,1050,557,493,1882,911,971,159,84,75,5885,3183,2702,2699,1148,1551,2704,2138,566,2459,1961,498,66,48,18,259,158,101,43,33,10,2091,1722,369,245,177,68,11,6,5,32,26,6,19,9,10,183,136,47,216,163,53,9,6,3,32,26,6,14,8,6,161,123,38,29,14,15,2,0,2,0,0,0,5,1,4,22,13,9,5880,2193,3687
67,27,531,4302,802895,0,WARD,Sangli Miraj Kupwad (M Corp.) WARD NO.-0067,Urban,1902,8177,4198,3979,731,401,330,698,354,344,153,79,74,6767,3534,3233,1410,664,746,2632,2097,535,2448,1977,471,47,44,3,46,40,6,87,61,26,2268,1832,436,184,120,64,6,3,3,24,19,5,12,10,2,142,88,54,176,117,59,6,3,3,24,19,5,12,10,2,134,85,49,8,3,5,0,0,0,0,0,0,0,0,0,8,3,5,5545,2101,3444
68,27,531,4302,802895,0,WARD,Sangli Miraj Kupwad (M Corp.) WARD NO.-0068,Urban,2590,11855,6101,5754,1423,768,655,1740,893,847,174,97,77,8869,4769,4100,2986,1332,1654,4006,3228,778,3698,3034,664,20,18,2,67,36,31,144,85,59,3467,2895,572,308,194,114,6,2,4,18,7,11,20,4,16,264,181,83,180,105,75,6,2,4,16,7,9,9,3,6,149,93,56,128,89,39,0,0,0,2,0,2,11,1,10,115,88,27,7849,2873,4976
69,27,531,4302,802895,0,WARD,Sangli Miraj Kupwad (M Corp.) WARD NO.-0069,Urban,1566,7310,3486,3824,901,444,457,2604,1267,1337,44,18,26,4725,2476,2249,2585,1010,1575,2564,1819,745,2261,1687,574,15,12,3,57,36,21,46,25,21,2143,1614,529,303,132,171,8,3,5,10,8,2,15,3,12,270,118,152,264,116,148,8,3,5,4,3,1,8,2,6,244,108,136,39,16,23,0,0,0,6,5,1,7,1,6,26,10,16,4746,1667,3079
70,27,531,4302,802895,0,WARD,Sangli Miraj Kupwad (M Corp.) WARD NO.-0070,Urban,1517,7391,3746,3645,846,411,435,1070,534,536,29,11,18,5762,3037,2725,1629,709,920,2787,2068,719,2318,1749,569,14,12,2,21,14,7,175,64,111,2108,1659,449,469,319,150,11,6,5,8,3,5,40,10,30,410,300,110,409,287,122,10,5,5,7,2,5,30,8,22,362,272,90,60,32,28,1,1,0,1,1,0,10,2,8,48,28,20,4604,1678,2926
71,27,531,4302,802895,0,WARD,Sangli Miraj Kupwad (M Corp.) WARD NO.-0071,Urban,1747,8248,4172,4076,1030,515,515,892,421,471,60,36,24,6122,3220,2902,2126,952,1174,3011,2348,663,2539,2059,480,27,24,3,46,36,10,178,114,64,2288,1885,403,472,289,183,18,8,10,27,23,4,32,16,16,395,242,153,366,217,149,18,8,10,16,12,4,20,12,8,312,185,127,106,72,34,0,0,0,11,11,0,12,4,8,83,57,26,5237,1824,3413
72,27,531,4302,802895,0,WARD,Sangli Miraj Kupwad (M Corp.) WARD NO.-0072,Urban,1131,5392,2758,2634,518,279,239,326,161,165,64,34,30,4299,2314,1985,1093,444,649,1757,1466,291,1629,1383,246,177,164,13,97,67,30,114,94,20,1241,1058,183,128,83,45,8,2,6,27,13,14,16,11,5,77,57,20,115,73,42,5,2,3,27,13,14,15,10,5,68,48,20,13,10,3,3,0,3,0,0,0,1,1,0,9,9,0,3635,1292,2343
73,27,531,4302,802895,0,WARD,Sangli Miraj Kupwad (M Corp.) WARD NO.-0073,Urban,1213,6275,3182,3093,721,406,315,858,428,430,6,3,3,4926,2561,2365,1349,621,728,1984,1637,347,1843,1551,292,146,133,13,41,35,6,183,107,76,1473,1276,197,141,86,55,7,5,2,2,2,0,15,2,13,117,77,40,130,80,50,7,5,2,2,2,0,15,2,13,106,71,35,11,6,5,0,0,0,0,0,0,0,0,0,11,6,5,4291,1545,2746
74,27,531,4302,802895,0,WARD,Sangli Miraj Kupwad (M Corp.) WARD NO.-0074,Urban,1574,7734,3866,3868,1016,529,487,2316,1127,1189,263,127,136,4472,2451,2021,3262,1415,1847,2825,2006,819,2239,1630,609,284,243,41,541,327,214,33,31,2,1381,1029,352,586,376,210,5,3,2,35,18,17,8,7,1,538,348,190,515,327,188,3,2,1,26,16,10,6,5,1,480,304,176,71,49,22,2,1,1,9,2,7,2,2,0,58,44,14,4909,1860,3049
